openssl,1.0.1u,arm-mips-x86,O1
openssl,1.0.1u,arm-mips,O1
openssl,1.0.1u,arm-x86,O1
openssl,1.0.1u,mips-x86,O1
openssl,1.0.1u,arm,O1-O2
openssl,1.0.1u,arm,O2-O3
openssl,1.0.1u,arm,O0-O3
openssl,1.0.1u,arm,O0-O1-O2-O3
openssl,1.0.1f,arm-mips-x86,O1
openssl,1.0.1f,arm-mips,O1
openssl,1.0.1f,arm-x86,O1
openssl,1.0.1f,mips-x86,O1
openssl,1.0.1f,arm,O1-O2
openssl,1.0.1f,arm,O2-O3
openssl,1.0.1f,arm,O0-O3
openssl,1.0.1f,arm,O0-O1-O2-O3
busybox,1.27.2,arm-mips-x86,O1
busybox,1.27.2,arm-mips,O1
busybox,1.27.2,arm-x86,O1
busybox,1.27.2,mips-x86,O1
busybox,1.27.2,arm,O1-O2
busybox,1.27.2,arm,O2-O3
busybox,1.27.2,arm,O0-O3
busybox,1.27.2,arm,O0-O1-O2-O3
coreutils,6.12,arm-mips-x86,O1
coreutils,6.12,arm-mips,O1
coreutils,6.12,arm-x86,O1
coreutils,6.12,mips-x86,O1
coreutils,6.12,arm,O1-O2
coreutils,6.12,arm,O2-O3
coreutils,6.12,arm,O0-O3
coreutils,6.12,arm,O0-O1-O2-O3
coreutils,8.2,arm-mips-x86,O1
coreutils,8.2,arm-mips,O1
coreutils,8.2,arm-x86,O1
coreutils,8.2,mips-x86,O1
coreutils,8.2,arm,O1-O2
coreutils,8.2,arm,O2-O3
coreutils,8.2,arm,O0-O3
coreutils,8.2,arm,O0-O1-O2-O3
coreutils,8.31,arm-mips-x86,O1
coreutils,8.31,arm-mips,O1
coreutils,8.31,arm-x86,O1
coreutils,8.31,mips-x86,O1
coreutils,8.31,arm,O1-O2
coreutils,8.31,arm,O2-O3
coreutils,8.31,arm,O0-O3
coreutils,8.31,arm,O0-O1-O2-O3