/home/ubuntu/Desktop/eee/6_json_files/coreutils_6.12_arm_O3_features.json,writable_destination,/home/ubuntu/Desktop/eee/6_json_files/coreutils_6.12_arm_O3_features.json,writable_destination,1
/home/ubuntu/Desktop/eee/6_json_files/coreutils_6.12_arm_O3_features.json,strcmp_df_ctime,/home/ubuntu/Desktop/eee/6_json_files/coreutils_6.12_arm_O1_features.json,strcmp_df_ctime,1
/home/ubuntu/Desktop/eee/6_json_files/coreutils_6.12_arm_O3_features.json,file_failure,/home/ubuntu/Desktop/eee/6_json_files/coreutils_6.12_arm_O3_features.json,file_failure,1
/home/ubuntu/Desktop/eee/6_json_files/coreutils_6.12_arm_O3_features.json,__udivsi3,/home/ubuntu/Desktop/eee/6_json_files/coreutils_6.12_arm_O2_features.json,__udivsi3,1
/home/ubuntu/Desktop/eee/6_json_files/coreutils_6.12_arm_O3_features.json,cdb_advance_fd,/home/ubuntu/Desktop/eee/6_json_files/coreutils_6.12_arm_O0_features.json,cdb_advance_fd,1
/home/ubuntu/Desktop/eee/6_json_files/coreutils_6.12_arm_O1_features.json,strmode,/home/ubuntu/Desktop/eee/6_json_files/coreutils_6.12_arm_O0_features.json,__udivsi3,-1
/home/ubuntu/Desktop/eee/6_json_files/coreutils_6.12_arm_O1_features.json,rev_xstrcoll_df_atime,/home/ubuntu/Desktop/eee/6_json_files/coreutils_6.12_arm_O1_features.json,rpl_calloc,-1
/home/ubuntu/Desktop/eee/6_json_files/coreutils_6.12_arm_O1_features.json,fts_palloc,/home/ubuntu/Desktop/eee/6_json_files/coreutils_6.12_arm_O3_features.json,uid_to_name,-1
/home/ubuntu/Desktop/eee/6_json_files/coreutils_6.12_arm_O1_features.json,rm_1,/home/ubuntu/Desktop/eee/6_json_files/coreutils_6.12_arm_O3_features.json,cdb_advance_fd,-1
/home/ubuntu/Desktop/eee/6_json_files/coreutils_6.12_arm_O1_features.json,hash_get_first,/home/ubuntu/Desktop/eee/6_json_files/coreutils_6.12_arm_O3_features.json,strcmp_df_ctime,-1
/home/ubuntu/Desktop/eee/6_json_files/coreutils_6.12_arm_O3_features.json,base_name,/home/ubuntu/Desktop/eee/6_json_files/coreutils_6.12_arm_O3_features.json,base_name,1
/home/ubuntu/Desktop/eee/6_json_files/coreutils_6.12_arm_O3_features.json,uid_to_name,/home/ubuntu/Desktop/eee/6_json_files/coreutils_6.12_arm_O3_features.json,uid_to_name,1
/home/ubuntu/Desktop/eee/6_json_files/coreutils_6.12_arm_O3_features.json,xstrcoll_df_version,/home/ubuntu/Desktop/eee/6_json_files/coreutils_6.12_arm_O0_features.json,xstrcoll_df_version,1
/home/ubuntu/Desktop/eee/6_json_files/coreutils_6.12_arm_O3_features.json,getgroup,/home/ubuntu/Desktop/eee/6_json_files/coreutils_6.12_arm_O0_features.json,getgroup,1
/home/ubuntu/Desktop/eee/6_json_files/coreutils_6.12_arm_O3_features.json,mbsstr,/home/ubuntu/Desktop/eee/6_json_files/coreutils_6.12_arm_O2_features.json,mbsstr,1
/home/ubuntu/Desktop/eee/6_json_files/coreutils_6.12_arm_O1_features.json,format_user,/home/ubuntu/Desktop/eee/6_json_files/coreutils_6.12_arm_O2_features.json,format_user,-1
/home/ubuntu/Desktop/eee/6_json_files/coreutils_6.12_arm_O1_features.json,record_file,/home/ubuntu/Desktop/eee/6_json_files/coreutils_6.12_arm_O0_features.json,record_file,-1
/home/ubuntu/Desktop/eee/6_json_files/coreutils_6.12_arm_O1_features.json,rpl_calloc,/home/ubuntu/Desktop/eee/6_json_files/coreutils_6.12_arm_O2_features.json,getuser,-1
/home/ubuntu/Desktop/eee/6_json_files/coreutils_6.12_arm_O1_features.json,strcmp_mtime,/home/ubuntu/Desktop/eee/6_json_files/coreutils_6.12_arm_O3_features.json,hash_get_first,-1
/home/ubuntu/Desktop/eee/6_json_files/coreutils_6.12_arm_O1_features.json,xstrcoll_df_extension,/home/ubuntu/Desktop/eee/6_json_files/coreutils_6.12_arm_O3_features.json,strmode,-1
/home/ubuntu/Desktop/eee/6_json_files/coreutils_6.12_arm_O3_features.json,rev_strcmp_df_extension,/home/ubuntu/Desktop/eee/6_json_files/coreutils_6.12_arm_O2_features.json,rev_strcmp_df_extension,1
/home/ubuntu/Desktop/eee/6_json_files/coreutils_6.12_arm_O3_features.json,set_fd_flags,/home/ubuntu/Desktop/eee/6_json_files/coreutils_6.12_arm_O0_features.json,set_fd_flags,1
/home/ubuntu/Desktop/eee/6_json_files/coreutils_6.12_arm_O3_features.json,getuser,/home/ubuntu/Desktop/eee/6_json_files/coreutils_6.12_arm_O2_features.json,getuser,1
/home/ubuntu/Desktop/eee/6_json_files/coreutils_6.12_arm_O3_features.json,rm,/home/ubuntu/Desktop/eee/6_json_files/coreutils_6.12_arm_O1_features.json,rm,1
/home/ubuntu/Desktop/eee/6_json_files/coreutils_6.12_arm_O3_features.json,dir_len,/home/ubuntu/Desktop/eee/6_json_files/coreutils_6.12_arm_O1_features.json,dir_len,1
/home/ubuntu/Desktop/eee/6_json_files/coreutils_6.12_arm_O1_features.json,dir_len,/home/ubuntu/Desktop/eee/6_json_files/coreutils_6.12_arm_O1_features.json,strmode,-1
/home/ubuntu/Desktop/eee/6_json_files/coreutils_6.12_arm_O1_features.json,rm,/home/ubuntu/Desktop/eee/6_json_files/coreutils_6.12_arm_O2_features.json,rev_strcmp_df_extension,-1
/home/ubuntu/Desktop/eee/6_json_files/coreutils_6.12_arm_O1_features.json,getuser,/home/ubuntu/Desktop/eee/6_json_files/coreutils_6.12_arm_O0_features.json,getuser,-1
/home/ubuntu/Desktop/eee/6_json_files/coreutils_6.12_arm_O1_features.json,set_fd_flags,/home/ubuntu/Desktop/eee/6_json_files/coreutils_6.12_arm_O0_features.json,cdb_advance_fd,-1
/home/ubuntu/Desktop/eee/6_json_files/coreutils_6.12_arm_O1_features.json,rev_strcmp_df_extension,/home/ubuntu/Desktop/eee/6_json_files/coreutils_6.12_arm_O2_features.json,dir_len,-1
/home/ubuntu/Desktop/eee/6_json_files/coreutils_6.12_arm_O3_features.json,xstrcoll_df_extension,/home/ubuntu/Desktop/eee/6_json_files/coreutils_6.12_arm_O1_features.json,xstrcoll_df_extension,1
/home/ubuntu/Desktop/eee/6_json_files/coreutils_6.12_arm_O3_features.json,strcmp_mtime,/home/ubuntu/Desktop/eee/6_json_files/coreutils_6.12_arm_O1_features.json,strcmp_mtime,1
/home/ubuntu/Desktop/eee/6_json_files/coreutils_6.12_arm_O3_features.json,rpl_calloc,/home/ubuntu/Desktop/eee/6_json_files/coreutils_6.12_arm_O1_features.json,rpl_calloc,1
/home/ubuntu/Desktop/eee/6_json_files/coreutils_6.12_arm_O3_features.json,record_file,/home/ubuntu/Desktop/eee/6_json_files/coreutils_6.12_arm_O1_features.json,record_file,1
/home/ubuntu/Desktop/eee/6_json_files/coreutils_6.12_arm_O3_features.json,format_user,/home/ubuntu/Desktop/eee/6_json_files/coreutils_6.12_arm_O1_features.json,format_user,1
/home/ubuntu/Desktop/eee/6_json_files/coreutils_6.12_arm_O1_features.json,mbsstr,/home/ubuntu/Desktop/eee/6_json_files/coreutils_6.12_arm_O3_features.json,fts_palloc,-1
/home/ubuntu/Desktop/eee/6_json_files/coreutils_6.12_arm_O1_features.json,getgroup,/home/ubuntu/Desktop/eee/6_json_files/coreutils_6.12_arm_O1_features.json,dir_len,-1
/home/ubuntu/Desktop/eee/6_json_files/coreutils_6.12_arm_O1_features.json,xstrcoll_df_version,/home/ubuntu/Desktop/eee/6_json_files/coreutils_6.12_arm_O0_features.json,uid_to_name,-1
/home/ubuntu/Desktop/eee/6_json_files/coreutils_6.12_arm_O1_features.json,uid_to_name,/home/ubuntu/Desktop/eee/6_json_files/coreutils_6.12_arm_O0_features.json,strcmp_mtime,-1
/home/ubuntu/Desktop/eee/6_json_files/coreutils_6.12_arm_O1_features.json,base_name,/home/ubuntu/Desktop/eee/6_json_files/coreutils_6.12_arm_O2_features.json,strcmp_df_ctime,-1
/home/ubuntu/Desktop/eee/6_json_files/coreutils_6.12_arm_O3_features.json,hash_get_first,/home/ubuntu/Desktop/eee/6_json_files/coreutils_6.12_arm_O2_features.json,hash_get_first,1
/home/ubuntu/Desktop/eee/6_json_files/coreutils_6.12_arm_O3_features.json,rm_1,/home/ubuntu/Desktop/eee/6_json_files/coreutils_6.12_arm_O1_features.json,rm_1,1
/home/ubuntu/Desktop/eee/6_json_files/coreutils_6.12_arm_O3_features.json,fts_palloc,/home/ubuntu/Desktop/eee/6_json_files/coreutils_6.12_arm_O1_features.json,fts_palloc,1
/home/ubuntu/Desktop/eee/6_json_files/coreutils_6.12_arm_O3_features.json,rev_xstrcoll_df_atime,/home/ubuntu/Desktop/eee/6_json_files/coreutils_6.12_arm_O1_features.json,rev_xstrcoll_df_atime,1
/home/ubuntu/Desktop/eee/6_json_files/coreutils_6.12_arm_O3_features.json,strmode,/home/ubuntu/Desktop/eee/6_json_files/coreutils_6.12_arm_O1_features.json,strmode,1
/home/ubuntu/Desktop/eee/6_json_files/coreutils_6.12_arm_O1_features.json,cdb_advance_fd,/home/ubuntu/Desktop/eee/6_json_files/coreutils_6.12_arm_O3_features.json,dir_len,-1
/home/ubuntu/Desktop/eee/6_json_files/coreutils_6.12_arm_O1_features.json,__udivsi3,/home/ubuntu/Desktop/eee/6_json_files/coreutils_6.12_arm_O0_features.json,file_failure,-1
/home/ubuntu/Desktop/eee/6_json_files/coreutils_6.12_arm_O1_features.json,file_failure,/home/ubuntu/Desktop/eee/6_json_files/coreutils_6.12_arm_O1_features.json,strcmp_mtime,-1
/home/ubuntu/Desktop/eee/6_json_files/coreutils_6.12_arm_O1_features.json,strcmp_df_ctime,/home/ubuntu/Desktop/eee/6_json_files/coreutils_6.12_arm_O3_features.json,__udivsi3,-1
/home/ubuntu/Desktop/eee/6_json_files/coreutils_6.12_arm_O1_features.json,writable_destination,/home/ubuntu/Desktop/eee/6_json_files/coreutils_6.12_arm_O1_features.json,strmode,-1
/home/ubuntu/Desktop/eee/6_json_files/coreutils_6.12_arm_O2_features.json,writable_destination,/home/ubuntu/Desktop/eee/6_json_files/coreutils_6.12_arm_O0_features.json,writable_destination,1
/home/ubuntu/Desktop/eee/6_json_files/coreutils_6.12_arm_O2_features.json,strcmp_df_ctime,/home/ubuntu/Desktop/eee/6_json_files/coreutils_6.12_arm_O0_features.json,strcmp_df_ctime,1
/home/ubuntu/Desktop/eee/6_json_files/coreutils_6.12_arm_O2_features.json,file_failure,/home/ubuntu/Desktop/eee/6_json_files/coreutils_6.12_arm_O0_features.json,file_failure,1
/home/ubuntu/Desktop/eee/6_json_files/coreutils_6.12_arm_O2_features.json,__udivsi3,/home/ubuntu/Desktop/eee/6_json_files/coreutils_6.12_arm_O1_features.json,__udivsi3,1
/home/ubuntu/Desktop/eee/6_json_files/coreutils_6.12_arm_O2_features.json,cdb_advance_fd,/home/ubuntu/Desktop/eee/6_json_files/coreutils_6.12_arm_O1_features.json,cdb_advance_fd,1
/home/ubuntu/Desktop/eee/6_json_files/coreutils_6.12_arm_O0_features.json,strmode,/home/ubuntu/Desktop/eee/6_json_files/coreutils_6.12_arm_O0_features.json,xstrcoll_df_version,-1
/home/ubuntu/Desktop/eee/6_json_files/coreutils_6.12_arm_O0_features.json,rev_xstrcoll_df_atime,/home/ubuntu/Desktop/eee/6_json_files/coreutils_6.12_arm_O3_features.json,dir_len,-1
/home/ubuntu/Desktop/eee/6_json_files/coreutils_6.12_arm_O0_features.json,fts_palloc,/home/ubuntu/Desktop/eee/6_json_files/coreutils_6.12_arm_O1_features.json,__udivsi3,-1
/home/ubuntu/Desktop/eee/6_json_files/coreutils_6.12_arm_O0_features.json,rm_1,/home/ubuntu/Desktop/eee/6_json_files/coreutils_6.12_arm_O2_features.json,rev_xstrcoll_df_atime,-1
/home/ubuntu/Desktop/eee/6_json_files/coreutils_6.12_arm_O0_features.json,hash_get_first,/home/ubuntu/Desktop/eee/6_json_files/coreutils_6.12_arm_O0_features.json,strcmp_df_ctime,-1
/home/ubuntu/Desktop/eee/6_json_files/coreutils_6.12_arm_O2_features.json,base_name,/home/ubuntu/Desktop/eee/6_json_files/coreutils_6.12_arm_O3_features.json,base_name,1
/home/ubuntu/Desktop/eee/6_json_files/coreutils_6.12_arm_O2_features.json,uid_to_name,/home/ubuntu/Desktop/eee/6_json_files/coreutils_6.12_arm_O2_features.json,uid_to_name,1
/home/ubuntu/Desktop/eee/6_json_files/coreutils_6.12_arm_O2_features.json,xstrcoll_df_version,/home/ubuntu/Desktop/eee/6_json_files/coreutils_6.12_arm_O1_features.json,xstrcoll_df_version,1
/home/ubuntu/Desktop/eee/6_json_files/coreutils_6.12_arm_O2_features.json,getgroup,/home/ubuntu/Desktop/eee/6_json_files/coreutils_6.12_arm_O3_features.json,getgroup,1
/home/ubuntu/Desktop/eee/6_json_files/coreutils_6.12_arm_O2_features.json,mbsstr,/home/ubuntu/Desktop/eee/6_json_files/coreutils_6.12_arm_O2_features.json,mbsstr,1
/home/ubuntu/Desktop/eee/6_json_files/coreutils_6.12_arm_O0_features.json,format_user,/home/ubuntu/Desktop/eee/6_json_files/coreutils_6.12_arm_O1_features.json,rm_1,-1
/home/ubuntu/Desktop/eee/6_json_files/coreutils_6.12_arm_O0_features.json,record_file,/home/ubuntu/Desktop/eee/6_json_files/coreutils_6.12_arm_O2_features.json,getuser,-1
/home/ubuntu/Desktop/eee/6_json_files/coreutils_6.12_arm_O0_features.json,rpl_calloc,/home/ubuntu/Desktop/eee/6_json_files/coreutils_6.12_arm_O1_features.json,rev_xstrcoll_df_atime,-1
/home/ubuntu/Desktop/eee/6_json_files/coreutils_6.12_arm_O0_features.json,strcmp_mtime,/home/ubuntu/Desktop/eee/6_json_files/coreutils_6.12_arm_O1_features.json,xstrcoll_df_version,-1
/home/ubuntu/Desktop/eee/6_json_files/coreutils_6.12_arm_O0_features.json,xstrcoll_df_extension,/home/ubuntu/Desktop/eee/6_json_files/coreutils_6.12_arm_O3_features.json,getuser,-1
/home/ubuntu/Desktop/eee/6_json_files/coreutils_6.12_arm_O2_features.json,rev_strcmp_df_extension,/home/ubuntu/Desktop/eee/6_json_files/coreutils_6.12_arm_O0_features.json,rev_strcmp_df_extension,1
/home/ubuntu/Desktop/eee/6_json_files/coreutils_6.12_arm_O2_features.json,set_fd_flags,/home/ubuntu/Desktop/eee/6_json_files/coreutils_6.12_arm_O1_features.json,set_fd_flags,1
/home/ubuntu/Desktop/eee/6_json_files/coreutils_6.12_arm_O2_features.json,getuser,/home/ubuntu/Desktop/eee/6_json_files/coreutils_6.12_arm_O1_features.json,getuser,1
/home/ubuntu/Desktop/eee/6_json_files/coreutils_6.12_arm_O2_features.json,rm,/home/ubuntu/Desktop/eee/6_json_files/coreutils_6.12_arm_O1_features.json,rm,1
/home/ubuntu/Desktop/eee/6_json_files/coreutils_6.12_arm_O2_features.json,dir_len,/home/ubuntu/Desktop/eee/6_json_files/coreutils_6.12_arm_O0_features.json,dir_len,1
/home/ubuntu/Desktop/eee/6_json_files/coreutils_6.12_arm_O0_features.json,dir_len,/home/ubuntu/Desktop/eee/6_json_files/coreutils_6.12_arm_O3_features.json,cdb_advance_fd,-1
/home/ubuntu/Desktop/eee/6_json_files/coreutils_6.12_arm_O0_features.json,rm,/home/ubuntu/Desktop/eee/6_json_files/coreutils_6.12_arm_O0_features.json,strcmp_mtime,-1
/home/ubuntu/Desktop/eee/6_json_files/coreutils_6.12_arm_O0_features.json,getuser,/home/ubuntu/Desktop/eee/6_json_files/coreutils_6.12_arm_O1_features.json,getgroup,-1
/home/ubuntu/Desktop/eee/6_json_files/coreutils_6.12_arm_O0_features.json,set_fd_flags,/home/ubuntu/Desktop/eee/6_json_files/coreutils_6.12_arm_O2_features.json,rm_1,-1
/home/ubuntu/Desktop/eee/6_json_files/coreutils_6.12_arm_O0_features.json,rev_strcmp_df_extension,/home/ubuntu/Desktop/eee/6_json_files/coreutils_6.12_arm_O3_features.json,getuser,-1
/home/ubuntu/Desktop/eee/6_json_files/coreutils_6.12_arm_O2_features.json,xstrcoll_df_extension,/home/ubuntu/Desktop/eee/6_json_files/coreutils_6.12_arm_O0_features.json,xstrcoll_df_extension,1
/home/ubuntu/Desktop/eee/6_json_files/coreutils_6.12_arm_O2_features.json,strcmp_mtime,/home/ubuntu/Desktop/eee/6_json_files/coreutils_6.12_arm_O3_features.json,strcmp_mtime,1
/home/ubuntu/Desktop/eee/6_json_files/coreutils_6.12_arm_O2_features.json,rpl_calloc,/home/ubuntu/Desktop/eee/6_json_files/coreutils_6.12_arm_O2_features.json,rpl_calloc,1
/home/ubuntu/Desktop/eee/6_json_files/coreutils_6.12_arm_O2_features.json,record_file,/home/ubuntu/Desktop/eee/6_json_files/coreutils_6.12_arm_O1_features.json,record_file,1
/home/ubuntu/Desktop/eee/6_json_files/coreutils_6.12_arm_O2_features.json,format_user,/home/ubuntu/Desktop/eee/6_json_files/coreutils_6.12_arm_O2_features.json,format_user,1
/home/ubuntu/Desktop/eee/6_json_files/coreutils_6.12_arm_O0_features.json,mbsstr,/home/ubuntu/Desktop/eee/6_json_files/coreutils_6.12_arm_O0_features.json,writable_destination,-1
/home/ubuntu/Desktop/eee/6_json_files/coreutils_6.12_arm_O0_features.json,getgroup,/home/ubuntu/Desktop/eee/6_json_files/coreutils_6.12_arm_O3_features.json,fts_palloc,-1
/home/ubuntu/Desktop/eee/6_json_files/coreutils_6.12_arm_O0_features.json,xstrcoll_df_version,/home/ubuntu/Desktop/eee/6_json_files/coreutils_6.12_arm_O0_features.json,rm_1,-1
/home/ubuntu/Desktop/eee/6_json_files/coreutils_6.12_arm_O0_features.json,uid_to_name,/home/ubuntu/Desktop/eee/6_json_files/coreutils_6.12_arm_O1_features.json,mbsstr,-1
/home/ubuntu/Desktop/eee/6_json_files/coreutils_6.12_arm_O0_features.json,base_name,/home/ubuntu/Desktop/eee/6_json_files/coreutils_6.12_arm_O0_features.json,uid_to_name,-1
/home/ubuntu/Desktop/eee/6_json_files/coreutils_6.12_arm_O2_features.json,hash_get_first,/home/ubuntu/Desktop/eee/6_json_files/coreutils_6.12_arm_O2_features.json,hash_get_first,1
/home/ubuntu/Desktop/eee/6_json_files/coreutils_6.12_arm_O2_features.json,rm_1,/home/ubuntu/Desktop/eee/6_json_files/coreutils_6.12_arm_O2_features.json,rm_1,1
/home/ubuntu/Desktop/eee/6_json_files/coreutils_6.12_arm_O2_features.json,fts_palloc,/home/ubuntu/Desktop/eee/6_json_files/coreutils_6.12_arm_O1_features.json,fts_palloc,1
/home/ubuntu/Desktop/eee/6_json_files/coreutils_6.12_arm_O2_features.json,rev_xstrcoll_df_atime,/home/ubuntu/Desktop/eee/6_json_files/coreutils_6.12_arm_O3_features.json,rev_xstrcoll_df_atime,1
/home/ubuntu/Desktop/eee/6_json_files/coreutils_6.12_arm_O2_features.json,strmode,/home/ubuntu/Desktop/eee/6_json_files/coreutils_6.12_arm_O3_features.json,strmode,1
/home/ubuntu/Desktop/eee/6_json_files/coreutils_6.12_arm_O0_features.json,cdb_advance_fd,/home/ubuntu/Desktop/eee/6_json_files/coreutils_6.12_arm_O2_features.json,cdb_advance_fd,-1
/home/ubuntu/Desktop/eee/6_json_files/coreutils_6.12_arm_O0_features.json,__udivsi3,/home/ubuntu/Desktop/eee/6_json_files/coreutils_6.12_arm_O2_features.json,getuser,-1
/home/ubuntu/Desktop/eee/6_json_files/coreutils_6.12_arm_O0_features.json,file_failure,/home/ubuntu/Desktop/eee/6_json_files/coreutils_6.12_arm_O2_features.json,getgroup,-1
/home/ubuntu/Desktop/eee/6_json_files/coreutils_6.12_arm_O0_features.json,strcmp_df_ctime,/home/ubuntu/Desktop/eee/6_json_files/coreutils_6.12_arm_O0_features.json,file_failure,-1
/home/ubuntu/Desktop/eee/6_json_files/coreutils_6.12_arm_O0_features.json,writable_destination,/home/ubuntu/Desktop/eee/6_json_files/coreutils_6.12_arm_O2_features.json,writable_destination,-1
/home/ubuntu/Desktop/eee/6_json_files/coreutils_6.12_arm_O0_features.json,writable_destination,/home/ubuntu/Desktop/eee/6_json_files/coreutils_6.12_arm_O2_features.json,writable_destination,1
/home/ubuntu/Desktop/eee/6_json_files/coreutils_6.12_arm_O0_features.json,strcmp_df_ctime,/home/ubuntu/Desktop/eee/6_json_files/coreutils_6.12_arm_O0_features.json,strcmp_df_ctime,1
/home/ubuntu/Desktop/eee/6_json_files/coreutils_6.12_arm_O0_features.json,file_failure,/home/ubuntu/Desktop/eee/6_json_files/coreutils_6.12_arm_O1_features.json,file_failure,1
/home/ubuntu/Desktop/eee/6_json_files/coreutils_6.12_arm_O0_features.json,__udivsi3,/home/ubuntu/Desktop/eee/6_json_files/coreutils_6.12_arm_O0_features.json,__udivsi3,1
/home/ubuntu/Desktop/eee/6_json_files/coreutils_6.12_arm_O0_features.json,cdb_advance_fd,/home/ubuntu/Desktop/eee/6_json_files/coreutils_6.12_arm_O0_features.json,cdb_advance_fd,1
/home/ubuntu/Desktop/eee/6_json_files/coreutils_6.12_arm_O2_features.json,strmode,/home/ubuntu/Desktop/eee/6_json_files/coreutils_6.12_arm_O2_features.json,file_failure,-1
/home/ubuntu/Desktop/eee/6_json_files/coreutils_6.12_arm_O2_features.json,rev_xstrcoll_df_atime,/home/ubuntu/Desktop/eee/6_json_files/coreutils_6.12_arm_O0_features.json,xstrcoll_df_extension,-1
/home/ubuntu/Desktop/eee/6_json_files/coreutils_6.12_arm_O2_features.json,fts_palloc,/home/ubuntu/Desktop/eee/6_json_files/coreutils_6.12_arm_O3_features.json,strcmp_mtime,-1
/home/ubuntu/Desktop/eee/6_json_files/coreutils_6.12_arm_O2_features.json,rm_1,/home/ubuntu/Desktop/eee/6_json_files/coreutils_6.12_arm_O3_features.json,base_name,-1
/home/ubuntu/Desktop/eee/6_json_files/coreutils_6.12_arm_O2_features.json,hash_get_first,/home/ubuntu/Desktop/eee/6_json_files/coreutils_6.12_arm_O2_features.json,rm,-1
/home/ubuntu/Desktop/eee/6_json_files/coreutils_6.12_arm_O0_features.json,base_name,/home/ubuntu/Desktop/eee/6_json_files/coreutils_6.12_arm_O1_features.json,base_name,1
/home/ubuntu/Desktop/eee/6_json_files/coreutils_6.12_arm_O0_features.json,uid_to_name,/home/ubuntu/Desktop/eee/6_json_files/coreutils_6.12_arm_O0_features.json,uid_to_name,1
/home/ubuntu/Desktop/eee/6_json_files/coreutils_6.12_arm_O0_features.json,xstrcoll_df_version,/home/ubuntu/Desktop/eee/6_json_files/coreutils_6.12_arm_O3_features.json,xstrcoll_df_version,1
/home/ubuntu/Desktop/eee/6_json_files/coreutils_6.12_arm_O0_features.json,getgroup,/home/ubuntu/Desktop/eee/6_json_files/coreutils_6.12_arm_O3_features.json,getgroup,1
/home/ubuntu/Desktop/eee/6_json_files/coreutils_6.12_arm_O0_features.json,mbsstr,/home/ubuntu/Desktop/eee/6_json_files/coreutils_6.12_arm_O1_features.json,mbsstr,1
/home/ubuntu/Desktop/eee/6_json_files/coreutils_6.12_arm_O2_features.json,format_user,/home/ubuntu/Desktop/eee/6_json_files/coreutils_6.12_arm_O0_features.json,rm_1,-1
/home/ubuntu/Desktop/eee/6_json_files/coreutils_6.12_arm_O2_features.json,record_file,/home/ubuntu/Desktop/eee/6_json_files/coreutils_6.12_arm_O1_features.json,xstrcoll_df_version,-1
/home/ubuntu/Desktop/eee/6_json_files/coreutils_6.12_arm_O2_features.json,rpl_calloc,/home/ubuntu/Desktop/eee/6_json_files/coreutils_6.12_arm_O1_features.json,getuser,-1
/home/ubuntu/Desktop/eee/6_json_files/coreutils_6.12_arm_O2_features.json,strcmp_mtime,/home/ubuntu/Desktop/eee/6_json_files/coreutils_6.12_arm_O0_features.json,cdb_advance_fd,-1
/home/ubuntu/Desktop/eee/6_json_files/coreutils_6.12_arm_O2_features.json,xstrcoll_df_extension,/home/ubuntu/Desktop/eee/6_json_files/coreutils_6.12_arm_O0_features.json,getuser,-1
/home/ubuntu/Desktop/eee/6_json_files/coreutils_6.12_arm_O0_features.json,rev_strcmp_df_extension,/home/ubuntu/Desktop/eee/6_json_files/coreutils_6.12_arm_O0_features.json,rev_strcmp_df_extension,1
/home/ubuntu/Desktop/eee/6_json_files/coreutils_6.12_arm_O0_features.json,set_fd_flags,/home/ubuntu/Desktop/eee/6_json_files/coreutils_6.12_arm_O0_features.json,set_fd_flags,1
/home/ubuntu/Desktop/eee/6_json_files/coreutils_6.12_arm_O0_features.json,getuser,/home/ubuntu/Desktop/eee/6_json_files/coreutils_6.12_arm_O0_features.json,getuser,1
/home/ubuntu/Desktop/eee/6_json_files/coreutils_6.12_arm_O0_features.json,rm,/home/ubuntu/Desktop/eee/6_json_files/coreutils_6.12_arm_O0_features.json,rm,1
/home/ubuntu/Desktop/eee/6_json_files/coreutils_6.12_arm_O0_features.json,dir_len,/home/ubuntu/Desktop/eee/6_json_files/coreutils_6.12_arm_O0_features.json,dir_len,1
/home/ubuntu/Desktop/eee/6_json_files/coreutils_6.12_arm_O2_features.json,dir_len,/home/ubuntu/Desktop/eee/6_json_files/coreutils_6.12_arm_O0_features.json,getuser,-1
/home/ubuntu/Desktop/eee/6_json_files/coreutils_6.12_arm_O2_features.json,rm,/home/ubuntu/Desktop/eee/6_json_files/coreutils_6.12_arm_O0_features.json,writable_destination,-1
/home/ubuntu/Desktop/eee/6_json_files/coreutils_6.12_arm_O2_features.json,getuser,/home/ubuntu/Desktop/eee/6_json_files/coreutils_6.12_arm_O0_features.json,getgroup,-1
/home/ubuntu/Desktop/eee/6_json_files/coreutils_6.12_arm_O2_features.json,set_fd_flags,/home/ubuntu/Desktop/eee/6_json_files/coreutils_6.12_arm_O2_features.json,rpl_calloc,-1
/home/ubuntu/Desktop/eee/6_json_files/coreutils_6.12_arm_O2_features.json,rev_strcmp_df_extension,/home/ubuntu/Desktop/eee/6_json_files/coreutils_6.12_arm_O0_features.json,mbsstr,-1
/home/ubuntu/Desktop/eee/6_json_files/coreutils_6.12_arm_O0_features.json,xstrcoll_df_extension,/home/ubuntu/Desktop/eee/6_json_files/coreutils_6.12_arm_O2_features.json,xstrcoll_df_extension,1
/home/ubuntu/Desktop/eee/6_json_files/coreutils_6.12_arm_O0_features.json,strcmp_mtime,/home/ubuntu/Desktop/eee/6_json_files/coreutils_6.12_arm_O1_features.json,strcmp_mtime,1
/home/ubuntu/Desktop/eee/6_json_files/coreutils_6.12_arm_O0_features.json,rpl_calloc,/home/ubuntu/Desktop/eee/6_json_files/coreutils_6.12_arm_O1_features.json,rpl_calloc,1
/home/ubuntu/Desktop/eee/6_json_files/coreutils_6.12_arm_O0_features.json,record_file,/home/ubuntu/Desktop/eee/6_json_files/coreutils_6.12_arm_O2_features.json,record_file,1
/home/ubuntu/Desktop/eee/6_json_files/coreutils_6.12_arm_O0_features.json,format_user,/home/ubuntu/Desktop/eee/6_json_files/coreutils_6.12_arm_O0_features.json,format_user,1
/home/ubuntu/Desktop/eee/6_json_files/coreutils_6.12_arm_O2_features.json,mbsstr,/home/ubuntu/Desktop/eee/6_json_files/coreutils_6.12_arm_O2_features.json,strcmp_mtime,-1
/home/ubuntu/Desktop/eee/6_json_files/coreutils_6.12_arm_O2_features.json,getgroup,/home/ubuntu/Desktop/eee/6_json_files/coreutils_6.12_arm_O2_features.json,uid_to_name,-1
/home/ubuntu/Desktop/eee/6_json_files/coreutils_6.12_arm_O2_features.json,xstrcoll_df_version,/home/ubuntu/Desktop/eee/6_json_files/coreutils_6.12_arm_O3_features.json,uid_to_name,-1
/home/ubuntu/Desktop/eee/6_json_files/coreutils_6.12_arm_O2_features.json,uid_to_name,/home/ubuntu/Desktop/eee/6_json_files/coreutils_6.12_arm_O0_features.json,xstrcoll_df_version,-1
/home/ubuntu/Desktop/eee/6_json_files/coreutils_6.12_arm_O2_features.json,base_name,/home/ubuntu/Desktop/eee/6_json_files/coreutils_6.12_arm_O3_features.json,cdb_advance_fd,-1
/home/ubuntu/Desktop/eee/6_json_files/coreutils_6.12_arm_O0_features.json,hash_get_first,/home/ubuntu/Desktop/eee/6_json_files/coreutils_6.12_arm_O2_features.json,hash_get_first,1
/home/ubuntu/Desktop/eee/6_json_files/coreutils_6.12_arm_O0_features.json,rm_1,/home/ubuntu/Desktop/eee/6_json_files/coreutils_6.12_arm_O0_features.json,rm_1,1
/home/ubuntu/Desktop/eee/6_json_files/coreutils_6.12_arm_O0_features.json,fts_palloc,/home/ubuntu/Desktop/eee/6_json_files/coreutils_6.12_arm_O0_features.json,fts_palloc,1
/home/ubuntu/Desktop/eee/6_json_files/coreutils_6.12_arm_O0_features.json,rev_xstrcoll_df_atime,/home/ubuntu/Desktop/eee/6_json_files/coreutils_6.12_arm_O0_features.json,rev_xstrcoll_df_atime,1
/home/ubuntu/Desktop/eee/6_json_files/coreutils_6.12_arm_O0_features.json,strmode,/home/ubuntu/Desktop/eee/6_json_files/coreutils_6.12_arm_O1_features.json,strmode,1
/home/ubuntu/Desktop/eee/6_json_files/coreutils_6.12_arm_O2_features.json,cdb_advance_fd,/home/ubuntu/Desktop/eee/6_json_files/coreutils_6.12_arm_O1_features.json,fts_palloc,-1
/home/ubuntu/Desktop/eee/6_json_files/coreutils_6.12_arm_O2_features.json,__udivsi3,/home/ubuntu/Desktop/eee/6_json_files/coreutils_6.12_arm_O3_features.json,fts_palloc,-1
/home/ubuntu/Desktop/eee/6_json_files/coreutils_6.12_arm_O2_features.json,file_failure,/home/ubuntu/Desktop/eee/6_json_files/coreutils_6.12_arm_O0_features.json,xstrcoll_df_version,-1
/home/ubuntu/Desktop/eee/6_json_files/coreutils_6.12_arm_O2_features.json,strcmp_df_ctime,/home/ubuntu/Desktop/eee/6_json_files/coreutils_6.12_arm_O3_features.json,rpl_calloc,-1
/home/ubuntu/Desktop/eee/6_json_files/coreutils_6.12_arm_O2_features.json,writable_destination,/home/ubuntu/Desktop/eee/6_json_files/coreutils_6.12_arm_O1_features.json,strcmp_df_ctime,-1
/home/ubuntu/Desktop/eee/6_json_files/coreutils_6.12_arm_O1_features.json,writable_destination,/home/ubuntu/Desktop/eee/6_json_files/coreutils_6.12_arm_O2_features.json,writable_destination,1
/home/ubuntu/Desktop/eee/6_json_files/coreutils_6.12_arm_O1_features.json,strcmp_df_ctime,/home/ubuntu/Desktop/eee/6_json_files/coreutils_6.12_arm_O0_features.json,strcmp_df_ctime,1
/home/ubuntu/Desktop/eee/6_json_files/coreutils_6.12_arm_O1_features.json,file_failure,/home/ubuntu/Desktop/eee/6_json_files/coreutils_6.12_arm_O1_features.json,file_failure,1
/home/ubuntu/Desktop/eee/6_json_files/coreutils_6.12_arm_O1_features.json,__udivsi3,/home/ubuntu/Desktop/eee/6_json_files/coreutils_6.12_arm_O2_features.json,__udivsi3,1
/home/ubuntu/Desktop/eee/6_json_files/coreutils_6.12_arm_O1_features.json,cdb_advance_fd,/home/ubuntu/Desktop/eee/6_json_files/coreutils_6.12_arm_O1_features.json,cdb_advance_fd,1
/home/ubuntu/Desktop/eee/6_json_files/coreutils_6.12_arm_O3_features.json,strmode,/home/ubuntu/Desktop/eee/6_json_files/coreutils_6.12_arm_O1_features.json,cdb_advance_fd,-1
/home/ubuntu/Desktop/eee/6_json_files/coreutils_6.12_arm_O3_features.json,rev_xstrcoll_df_atime,/home/ubuntu/Desktop/eee/6_json_files/coreutils_6.12_arm_O1_features.json,fts_palloc,-1
/home/ubuntu/Desktop/eee/6_json_files/coreutils_6.12_arm_O3_features.json,fts_palloc,/home/ubuntu/Desktop/eee/6_json_files/coreutils_6.12_arm_O1_features.json,uid_to_name,-1
/home/ubuntu/Desktop/eee/6_json_files/coreutils_6.12_arm_O3_features.json,rm_1,/home/ubuntu/Desktop/eee/6_json_files/coreutils_6.12_arm_O3_features.json,rpl_calloc,-1
/home/ubuntu/Desktop/eee/6_json_files/coreutils_6.12_arm_O3_features.json,hash_get_first,/home/ubuntu/Desktop/eee/6_json_files/coreutils_6.12_arm_O2_features.json,xstrcoll_df_version,-1
/home/ubuntu/Desktop/eee/6_json_files/coreutils_6.12_arm_O1_features.json,base_name,/home/ubuntu/Desktop/eee/6_json_files/coreutils_6.12_arm_O1_features.json,base_name,1
/home/ubuntu/Desktop/eee/6_json_files/coreutils_6.12_arm_O1_features.json,uid_to_name,/home/ubuntu/Desktop/eee/6_json_files/coreutils_6.12_arm_O3_features.json,uid_to_name,1
/home/ubuntu/Desktop/eee/6_json_files/coreutils_6.12_arm_O1_features.json,xstrcoll_df_version,/home/ubuntu/Desktop/eee/6_json_files/coreutils_6.12_arm_O0_features.json,xstrcoll_df_version,1
/home/ubuntu/Desktop/eee/6_json_files/coreutils_6.12_arm_O1_features.json,getgroup,/home/ubuntu/Desktop/eee/6_json_files/coreutils_6.12_arm_O0_features.json,getgroup,1
/home/ubuntu/Desktop/eee/6_json_files/coreutils_6.12_arm_O1_features.json,mbsstr,/home/ubuntu/Desktop/eee/6_json_files/coreutils_6.12_arm_O0_features.json,mbsstr,1
/home/ubuntu/Desktop/eee/6_json_files/coreutils_6.12_arm_O3_features.json,format_user,/home/ubuntu/Desktop/eee/6_json_files/coreutils_6.12_arm_O1_features.json,getgroup,-1
/home/ubuntu/Desktop/eee/6_json_files/coreutils_6.12_arm_O3_features.json,record_file,/home/ubuntu/Desktop/eee/6_json_files/coreutils_6.12_arm_O2_features.json,strcmp_mtime,-1
/home/ubuntu/Desktop/eee/6_json_files/coreutils_6.12_arm_O3_features.json,rpl_calloc,/home/ubuntu/Desktop/eee/6_json_files/coreutils_6.12_arm_O0_features.json,rm_1,-1
/home/ubuntu/Desktop/eee/6_json_files/coreutils_6.12_arm_O3_features.json,strcmp_mtime,/home/ubuntu/Desktop/eee/6_json_files/coreutils_6.12_arm_O1_features.json,rev_strcmp_df_extension,-1
/home/ubuntu/Desktop/eee/6_json_files/coreutils_6.12_arm_O3_features.json,xstrcoll_df_extension,/home/ubuntu/Desktop/eee/6_json_files/coreutils_6.12_arm_O1_features.json,rm,-1
/home/ubuntu/Desktop/eee/6_json_files/coreutils_6.12_arm_O1_features.json,rev_strcmp_df_extension,/home/ubuntu/Desktop/eee/6_json_files/coreutils_6.12_arm_O3_features.json,rev_strcmp_df_extension,1
/home/ubuntu/Desktop/eee/6_json_files/coreutils_6.12_arm_O1_features.json,set_fd_flags,/home/ubuntu/Desktop/eee/6_json_files/coreutils_6.12_arm_O2_features.json,set_fd_flags,1
/home/ubuntu/Desktop/eee/6_json_files/coreutils_6.12_arm_O1_features.json,getuser,/home/ubuntu/Desktop/eee/6_json_files/coreutils_6.12_arm_O1_features.json,getuser,1
/home/ubuntu/Desktop/eee/6_json_files/coreutils_6.12_arm_O1_features.json,rm,/home/ubuntu/Desktop/eee/6_json_files/coreutils_6.12_arm_O0_features.json,rm,1
/home/ubuntu/Desktop/eee/6_json_files/coreutils_6.12_arm_O1_features.json,dir_len,/home/ubuntu/Desktop/eee/6_json_files/coreutils_6.12_arm_O2_features.json,dir_len,1
/home/ubuntu/Desktop/eee/6_json_files/coreutils_6.12_arm_O3_features.json,dir_len,/home/ubuntu/Desktop/eee/6_json_files/coreutils_6.12_arm_O3_features.json,strcmp_df_ctime,-1
/home/ubuntu/Desktop/eee/6_json_files/coreutils_6.12_arm_O3_features.json,rm,/home/ubuntu/Desktop/eee/6_json_files/coreutils_6.12_arm_O1_features.json,strmode,-1
/home/ubuntu/Desktop/eee/6_json_files/coreutils_6.12_arm_O3_features.json,getuser,/home/ubuntu/Desktop/eee/6_json_files/coreutils_6.12_arm_O2_features.json,rpl_calloc,-1
/home/ubuntu/Desktop/eee/6_json_files/coreutils_6.12_arm_O3_features.json,set_fd_flags,/home/ubuntu/Desktop/eee/6_json_files/coreutils_6.12_arm_O1_features.json,rev_strcmp_df_extension,-1
/home/ubuntu/Desktop/eee/6_json_files/coreutils_6.12_arm_O3_features.json,rev_strcmp_df_extension,/home/ubuntu/Desktop/eee/6_json_files/coreutils_6.12_arm_O0_features.json,strcmp_mtime,-1
/home/ubuntu/Desktop/eee/6_json_files/coreutils_6.12_arm_O1_features.json,xstrcoll_df_extension,/home/ubuntu/Desktop/eee/6_json_files/coreutils_6.12_arm_O0_features.json,xstrcoll_df_extension,1
/home/ubuntu/Desktop/eee/6_json_files/coreutils_6.12_arm_O1_features.json,strcmp_mtime,/home/ubuntu/Desktop/eee/6_json_files/coreutils_6.12_arm_O2_features.json,strcmp_mtime,1
/home/ubuntu/Desktop/eee/6_json_files/coreutils_6.12_arm_O1_features.json,rpl_calloc,/home/ubuntu/Desktop/eee/6_json_files/coreutils_6.12_arm_O0_features.json,rpl_calloc,1
/home/ubuntu/Desktop/eee/6_json_files/coreutils_6.12_arm_O1_features.json,record_file,/home/ubuntu/Desktop/eee/6_json_files/coreutils_6.12_arm_O2_features.json,record_file,1
/home/ubuntu/Desktop/eee/6_json_files/coreutils_6.12_arm_O1_features.json,format_user,/home/ubuntu/Desktop/eee/6_json_files/coreutils_6.12_arm_O0_features.json,format_user,1
/home/ubuntu/Desktop/eee/6_json_files/coreutils_6.12_arm_O3_features.json,mbsstr,/home/ubuntu/Desktop/eee/6_json_files/coreutils_6.12_arm_O1_features.json,base_name,-1
/home/ubuntu/Desktop/eee/6_json_files/coreutils_6.12_arm_O3_features.json,getgroup,/home/ubuntu/Desktop/eee/6_json_files/coreutils_6.12_arm_O3_features.json,base_name,-1
/home/ubuntu/Desktop/eee/6_json_files/coreutils_6.12_arm_O3_features.json,xstrcoll_df_version,/home/ubuntu/Desktop/eee/6_json_files/coreutils_6.12_arm_O0_features.json,__udivsi3,-1
/home/ubuntu/Desktop/eee/6_json_files/coreutils_6.12_arm_O3_features.json,uid_to_name,/home/ubuntu/Desktop/eee/6_json_files/coreutils_6.12_arm_O2_features.json,strmode,-1
/home/ubuntu/Desktop/eee/6_json_files/coreutils_6.12_arm_O3_features.json,base_name,/home/ubuntu/Desktop/eee/6_json_files/coreutils_6.12_arm_O0_features.json,rpl_calloc,-1
/home/ubuntu/Desktop/eee/6_json_files/coreutils_6.12_arm_O1_features.json,hash_get_first,/home/ubuntu/Desktop/eee/6_json_files/coreutils_6.12_arm_O0_features.json,hash_get_first,1
/home/ubuntu/Desktop/eee/6_json_files/coreutils_6.12_arm_O1_features.json,rm_1,/home/ubuntu/Desktop/eee/6_json_files/coreutils_6.12_arm_O1_features.json,rm_1,1
/home/ubuntu/Desktop/eee/6_json_files/coreutils_6.12_arm_O1_features.json,fts_palloc,/home/ubuntu/Desktop/eee/6_json_files/coreutils_6.12_arm_O1_features.json,fts_palloc,1
/home/ubuntu/Desktop/eee/6_json_files/coreutils_6.12_arm_O1_features.json,rev_xstrcoll_df_atime,/home/ubuntu/Desktop/eee/6_json_files/coreutils_6.12_arm_O1_features.json,rev_xstrcoll_df_atime,1
/home/ubuntu/Desktop/eee/6_json_files/coreutils_6.12_arm_O1_features.json,strmode,/home/ubuntu/Desktop/eee/6_json_files/coreutils_6.12_arm_O2_features.json,strmode,1
/home/ubuntu/Desktop/eee/6_json_files/coreutils_6.12_arm_O3_features.json,cdb_advance_fd,/home/ubuntu/Desktop/eee/6_json_files/coreutils_6.12_arm_O3_features.json,base_name,-1
/home/ubuntu/Desktop/eee/6_json_files/coreutils_6.12_arm_O3_features.json,__udivsi3,/home/ubuntu/Desktop/eee/6_json_files/coreutils_6.12_arm_O3_features.json,rev_strcmp_df_extension,-1
/home/ubuntu/Desktop/eee/6_json_files/coreutils_6.12_arm_O3_features.json,file_failure,/home/ubuntu/Desktop/eee/6_json_files/coreutils_6.12_arm_O1_features.json,uid_to_name,-1
/home/ubuntu/Desktop/eee/6_json_files/coreutils_6.12_arm_O3_features.json,strcmp_df_ctime,/home/ubuntu/Desktop/eee/6_json_files/coreutils_6.12_arm_O1_features.json,strcmp_mtime,-1
/home/ubuntu/Desktop/eee/6_json_files/coreutils_6.12_arm_O3_features.json,writable_destination,/home/ubuntu/Desktop/eee/6_json_files/coreutils_6.12_arm_O2_features.json,fts_palloc,-1
